--
-- PostgreSQL database dump
--

-- Dumped from database version 17.0
-- Dumped by pg_dump version 17.0

SET statement_timeout = 0;
SET lock_timeout = 0;
SET idle_in_transaction_session_timeout = 0;
SET transaction_timeout = 0;
SET client_encoding = 'UTF8';
SET standard_conforming_strings = on;
SELECT pg_catalog.set_config('search_path', '', false);
SET check_function_bodies = false;
SET xmloption = content;
SET client_min_messages = warning;
SET row_security = off;

SET default_tablespace = '';

SET default_table_access_method = heap;

--
-- Name: auth_group; Type: TABLE; Schema: public; Owner: postgres
--

CREATE TABLE public.auth_group (
    id integer NOT NULL,
    name character varying(150) NOT NULL
);


ALTER TABLE public.auth_group OWNER TO postgres;

--
-- Name: auth_group_id_seq; Type: SEQUENCE; Schema: public; Owner: postgres
--

ALTER TABLE public.auth_group ALTER COLUMN id ADD GENERATED BY DEFAULT AS IDENTITY (
    SEQUENCE NAME public.auth_group_id_seq
    START WITH 1
    INCREMENT BY 1
    NO MINVALUE
    NO MAXVALUE
    CACHE 1
);


--
-- Name: auth_group_permissions; Type: TABLE; Schema: public; Owner: postgres
--

CREATE TABLE public.auth_group_permissions (
    id bigint NOT NULL,
    group_id integer NOT NULL,
    permission_id integer NOT NULL
);


ALTER TABLE public.auth_group_permissions OWNER TO postgres;

--
-- Name: auth_group_permissions_id_seq; Type: SEQUENCE; Schema: public; Owner: postgres
--

ALTER TABLE public.auth_group_permissions ALTER COLUMN id ADD GENERATED BY DEFAULT AS IDENTITY (
    SEQUENCE NAME public.auth_group_permissions_id_seq
    START WITH 1
    INCREMENT BY 1
    NO MINVALUE
    NO MAXVALUE
    CACHE 1
);


--
-- Name: auth_permission; Type: TABLE; Schema: public; Owner: postgres
--

CREATE TABLE public.auth_permission (
    id integer NOT NULL,
    name character varying(255) NOT NULL,
    content_type_id integer NOT NULL,
    codename character varying(100) NOT NULL
);


ALTER TABLE public.auth_permission OWNER TO postgres;

--
-- Name: auth_permission_id_seq; Type: SEQUENCE; Schema: public; Owner: postgres
--

ALTER TABLE public.auth_permission ALTER COLUMN id ADD GENERATED BY DEFAULT AS IDENTITY (
    SEQUENCE NAME public.auth_permission_id_seq
    START WITH 1
    INCREMENT BY 1
    NO MINVALUE
    NO MAXVALUE
    CACHE 1
);


--
-- Name: django_admin_log; Type: TABLE; Schema: public; Owner: postgres
--

CREATE TABLE public.django_admin_log (
    id integer NOT NULL,
    action_time timestamp with time zone NOT NULL,
    object_id text,
    object_repr character varying(200) NOT NULL,
    action_flag smallint NOT NULL,
    change_message text NOT NULL,
    content_type_id integer,
    user_id bigint NOT NULL,
    CONSTRAINT django_admin_log_action_flag_check CHECK ((action_flag >= 0))
);


ALTER TABLE public.django_admin_log OWNER TO postgres;

--
-- Name: django_admin_log_id_seq; Type: SEQUENCE; Schema: public; Owner: postgres
--

ALTER TABLE public.django_admin_log ALTER COLUMN id ADD GENERATED BY DEFAULT AS IDENTITY (
    SEQUENCE NAME public.django_admin_log_id_seq
    START WITH 1
    INCREMENT BY 1
    NO MINVALUE
    NO MAXVALUE
    CACHE 1
);


--
-- Name: django_content_type; Type: TABLE; Schema: public; Owner: postgres
--

CREATE TABLE public.django_content_type (
    id integer NOT NULL,
    app_label character varying(100) NOT NULL,
    model character varying(100) NOT NULL
);


ALTER TABLE public.django_content_type OWNER TO postgres;

--
-- Name: django_content_type_id_seq; Type: SEQUENCE; Schema: public; Owner: postgres
--

ALTER TABLE public.django_content_type ALTER COLUMN id ADD GENERATED BY DEFAULT AS IDENTITY (
    SEQUENCE NAME public.django_content_type_id_seq
    START WITH 1
    INCREMENT BY 1
    NO MINVALUE
    NO MAXVALUE
    CACHE 1
);


--
-- Name: django_migrations; Type: TABLE; Schema: public; Owner: postgres
--

CREATE TABLE public.django_migrations (
    id bigint NOT NULL,
    app character varying(255) NOT NULL,
    name character varying(255) NOT NULL,
    applied timestamp with time zone NOT NULL
);


ALTER TABLE public.django_migrations OWNER TO postgres;

--
-- Name: django_migrations_id_seq; Type: SEQUENCE; Schema: public; Owner: postgres
--

ALTER TABLE public.django_migrations ALTER COLUMN id ADD GENERATED BY DEFAULT AS IDENTITY (
    SEQUENCE NAME public.django_migrations_id_seq
    START WITH 1
    INCREMENT BY 1
    NO MINVALUE
    NO MAXVALUE
    CACHE 1
);


--
-- Name: django_session; Type: TABLE; Schema: public; Owner: postgres
--

CREATE TABLE public.django_session (
    session_key character varying(40) NOT NULL,
    session_data text NOT NULL,
    expire_date timestamp with time zone NOT NULL
);


ALTER TABLE public.django_session OWNER TO postgres;

--
-- Name: tickets_customuser; Type: TABLE; Schema: public; Owner: postgres
--

CREATE TABLE public.tickets_customuser (
    id bigint NOT NULL,
    password character varying(128) NOT NULL,
    last_login timestamp with time zone,
    email character varying(255) NOT NULL,
    name character varying(155) NOT NULL,
    is_active boolean NOT NULL,
    is_admin boolean NOT NULL
);


ALTER TABLE public.tickets_customuser OWNER TO postgres;

--
-- Name: tickets_customuser_id_seq; Type: SEQUENCE; Schema: public; Owner: postgres
--

ALTER TABLE public.tickets_customuser ALTER COLUMN id ADD GENERATED BY DEFAULT AS IDENTITY (
    SEQUENCE NAME public.tickets_customuser_id_seq
    START WITH 1
    INCREMENT BY 1
    NO MINVALUE
    NO MAXVALUE
    CACHE 1
);


--
-- Name: tickets_dutyroster; Type: TABLE; Schema: public; Owner: postgres
--

CREATE TABLE public.tickets_dutyroster (
    id bigint NOT NULL,
    date date,
    available boolean NOT NULL,
    created_at timestamp with time zone NOT NULL,
    updated_at timestamp with time zone NOT NULL,
    employee_id bigint NOT NULL,
    shift_end_time time without time zone,
    shift_start_time time without time zone
);


ALTER TABLE public.tickets_dutyroster OWNER TO postgres;

--
-- Name: tickets_dutyroster_id_seq; Type: SEQUENCE; Schema: public; Owner: postgres
--

ALTER TABLE public.tickets_dutyroster ALTER COLUMN id ADD GENERATED BY DEFAULT AS IDENTITY (
    SEQUENCE NAME public.tickets_dutyroster_id_seq
    START WITH 1
    INCREMENT BY 1
    NO MINVALUE
    NO MAXVALUE
    CACHE 1
);


--
-- Name: tickets_employee; Type: TABLE; Schema: public; Owner: postgres
--

CREATE TABLE public.tickets_employee (
    id bigint NOT NULL,
    education character varying(5),
    gender character varying(6),
    phone character varying(20),
    place character varying(155),
    created_at timestamp with time zone NOT NULL,
    updated_at timestamp with time zone NOT NULL,
    user_id bigint NOT NULL
);


ALTER TABLE public.tickets_employee OWNER TO postgres;

--
-- Name: tickets_employee_id_seq; Type: SEQUENCE; Schema: public; Owner: postgres
--

ALTER TABLE public.tickets_employee ALTER COLUMN id ADD GENERATED BY DEFAULT AS IDENTITY (
    SEQUENCE NAME public.tickets_employee_id_seq
    START WITH 1
    INCREMENT BY 1
    NO MINVALUE
    NO MAXVALUE
    CACHE 1
);


--
-- Name: tickets_leave; Type: TABLE; Schema: public; Owner: postgres
--

CREATE TABLE public.tickets_leave (
    id bigint NOT NULL,
    start_date date,
    end_date date,
    created_at timestamp with time zone NOT NULL,
    updated_at timestamp with time zone NOT NULL,
    employee_id bigint NOT NULL
);


ALTER TABLE public.tickets_leave OWNER TO postgres;

--
-- Name: tickets_leave_id_seq; Type: SEQUENCE; Schema: public; Owner: postgres
--

ALTER TABLE public.tickets_leave ALTER COLUMN id ADD GENERATED BY DEFAULT AS IDENTITY (
    SEQUENCE NAME public.tickets_leave_id_seq
    START WITH 1
    INCREMENT BY 1
    NO MINVALUE
    NO MAXVALUE
    CACHE 1
);


--
-- Name: tickets_shift; Type: TABLE; Schema: public; Owner: postgres
--

CREATE TABLE public.tickets_shift (
    id bigint NOT NULL,
    start_time time without time zone,
    end_time time without time zone,
    created_at timestamp with time zone NOT NULL,
    updated_at timestamp with time zone NOT NULL,
    employee_id bigint NOT NULL
);


ALTER TABLE public.tickets_shift OWNER TO postgres;

--
-- Name: tickets_shift_id_seq; Type: SEQUENCE; Schema: public; Owner: postgres
--

ALTER TABLE public.tickets_shift ALTER COLUMN id ADD GENERATED BY DEFAULT AS IDENTITY (
    SEQUENCE NAME public.tickets_shift_id_seq
    START WITH 1
    INCREMENT BY 1
    NO MINVALUE
    NO MAXVALUE
    CACHE 1
);


--
-- Name: tickets_ticket; Type: TABLE; Schema: public; Owner: postgres
--

CREATE TABLE public.tickets_ticket (
    id bigint NOT NULL,
    ticket_number character varying(20) NOT NULL,
    description text,
    resolution_end_date date,
    created_at timestamp with time zone NOT NULL,
    updated_at timestamp with time zone NOT NULL,
    assigned_employee_id bigint
);


ALTER TABLE public.tickets_ticket OWNER TO postgres;

--
-- Name: tickets_ticket_id_seq; Type: SEQUENCE; Schema: public; Owner: postgres
--

ALTER TABLE public.tickets_ticket ALTER COLUMN id ADD GENERATED BY DEFAULT AS IDENTITY (
    SEQUENCE NAME public.tickets_ticket_id_seq
    START WITH 1
    INCREMENT BY 1
    NO MINVALUE
    NO MAXVALUE
    CACHE 1
);


--
-- Data for Name: auth_group; Type: TABLE DATA; Schema: public; Owner: postgres
--

COPY public.auth_group (id, name) FROM stdin;
\.


--
-- Data for Name: auth_group_permissions; Type: TABLE DATA; Schema: public; Owner: postgres
--

COPY public.auth_group_permissions (id, group_id, permission_id) FROM stdin;
\.


--
-- Data for Name: auth_permission; Type: TABLE DATA; Schema: public; Owner: postgres
--

COPY public.auth_permission (id, name, content_type_id, codename) FROM stdin;
1	Can add log entry	1	add_logentry
2	Can change log entry	1	change_logentry
3	Can delete log entry	1	delete_logentry
4	Can view log entry	1	view_logentry
5	Can add permission	2	add_permission
6	Can change permission	2	change_permission
7	Can delete permission	2	delete_permission
8	Can view permission	2	view_permission
9	Can add group	3	add_group
10	Can change group	3	change_group
11	Can delete group	3	delete_group
12	Can view group	3	view_group
13	Can add content type	4	add_contenttype
14	Can change content type	4	change_contenttype
15	Can delete content type	4	delete_contenttype
16	Can view content type	4	view_contenttype
17	Can add session	5	add_session
18	Can change session	5	change_session
19	Can delete session	5	delete_session
20	Can view session	5	view_session
21	Can add custom user	6	add_customuser
22	Can change custom user	6	change_customuser
23	Can delete custom user	6	delete_customuser
24	Can view custom user	6	view_customuser
25	Can add employee	7	add_employee
26	Can change employee	7	change_employee
27	Can delete employee	7	delete_employee
28	Can view employee	7	view_employee
29	Can add duty roster	8	add_dutyroster
30	Can change duty roster	8	change_dutyroster
31	Can delete duty roster	8	delete_dutyroster
32	Can view duty roster	8	view_dutyroster
33	Can add leave	9	add_leave
34	Can change leave	9	change_leave
35	Can delete leave	9	delete_leave
36	Can view leave	9	view_leave
37	Can add shift	10	add_shift
38	Can change shift	10	change_shift
39	Can delete shift	10	delete_shift
40	Can view shift	10	view_shift
41	Can add ticket	11	add_ticket
42	Can change ticket	11	change_ticket
43	Can delete ticket	11	delete_ticket
44	Can view ticket	11	view_ticket
\.


--
-- Data for Name: django_admin_log; Type: TABLE DATA; Schema: public; Owner: postgres
--

COPY public.django_admin_log (id, action_time, object_id, object_repr, action_flag, change_message, content_type_id, user_id) FROM stdin;
1	2024-10-24 20:18:23.032175+05:30	2	midhun@gmail.com	2	[]	6	1
2	2024-10-24 20:28:13.847796+05:30	2	midhun@gmail.com	2	[]	6	1
3	2024-10-24 20:28:43.850712+05:30	2	midhun@gmail.com	3		6	1
4	2024-10-24 20:31:20.024245+05:30	3	midhun@gamil.com	3		6	1
5	2024-10-24 20:37:29.641814+05:30	2	Midhun	2	[{"changed": {"fields": ["Education", "Gender", "Phone", "Place"]}}]	7	1
6	2024-10-24 21:54:35.575279+05:30	1	Midhun	1	[{"added": {}}]	10	1
7	2024-10-24 21:54:59.202002+05:30	2	Ryan Ruiz	1	[{"added": {}}]	10	1
8	2024-10-24 21:55:08.755487+05:30	3	Austin Powers	1	[{"added": {}}]	10	1
9	2024-10-24 21:55:17.177457+05:30	4	Austin Powers	1	[{"added": {}}]	10	1
10	2024-10-24 21:57:45.785808+05:30	5	James Curtis	1	[{"added": {}}]	10	1
11	2024-10-24 21:58:40.56146+05:30	6	Patricia Williams	1	[{"added": {}}]	10	1
12	2024-10-24 21:58:57.28465+05:30	5	James Curtis	2	[{"changed": {"fields": ["End time"]}}]	10	1
13	2024-10-24 21:59:05.788587+05:30	4	Austin Powers	2	[{"changed": {"fields": ["End time"]}}]	10	1
14	2024-10-24 21:59:11.869667+05:30	3	Austin Powers	2	[{"changed": {"fields": ["End time"]}}]	10	1
15	2024-10-24 21:59:21.008258+05:30	4	Austin Powers	3		10	1
16	2024-10-24 21:59:42.881994+05:30	2	Ryan Ruiz	2	[{"changed": {"fields": ["End time"]}}]	10	1
17	2024-10-24 21:59:47.605141+05:30	1	Midhun	2	[{"changed": {"fields": ["End time"]}}]	10	1
18	2024-10-24 22:00:19.095828+05:30	7	Sandra Hicks	1	[{"added": {}}]	10	1
19	2024-10-24 22:00:34.884935+05:30	8	Jessica Cook	1	[{"added": {}}]	10	1
20	2024-10-24 22:00:37.157129+05:30	8	Jessica Cook	2	[]	10	1
21	2024-10-24 22:00:48.350465+05:30	9	Ellen Wilson	1	[{"added": {}}]	10	1
22	2024-10-24 22:01:06.059434+05:30	10	Robert Chavez	1	[{"added": {}}]	10	1
23	2024-10-24 22:01:20.309032+05:30	11	Jessica Mueller	1	[{"added": {}}]	10	1
24	2024-10-24 22:02:19.113058+05:30	1	Midhun is leave from 2024-10-25 to 2024-10-25	1	[{"added": {}}]	9	1
25	2024-10-24 23:57:33.513989+05:30	1	Midhun is leave from 2024-10-24 to 2024-10-24	2	[{"changed": {"fields": ["Start date", "End date"]}}]	9	1
26	2024-10-25 00:28:36.800052+05:30	12	Midhun on None - Available	3		8	1
27	2024-10-25 00:28:36.800052+05:30	11	Jessica Mueller on None - Available	3		8	1
28	2024-10-25 00:28:36.800052+05:30	10	Robert Chavez on None - Available	3		8	1
29	2024-10-25 00:28:36.800052+05:30	9	Ellen Wilson on None - Available	3		8	1
30	2024-10-25 00:28:36.800052+05:30	8	Jessica Cook on None - Available	3		8	1
31	2024-10-25 00:28:36.800052+05:30	7	Sandra Hicks on None - Available	3		8	1
32	2024-10-25 00:28:36.800052+05:30	6	Patricia Williams on None - Available	3		8	1
33	2024-10-25 00:28:36.800052+05:30	5	James Curtis on None - Available	3		8	1
34	2024-10-25 00:28:36.800052+05:30	4	Austin Powers on None - Available	3		8	1
35	2024-10-25 00:28:36.800052+05:30	3	Ryan Ruiz on None - Available	3		8	1
36	2024-10-25 00:28:36.800052+05:30	2	Austin Powers on None - Available	3		8	1
37	2024-10-25 00:28:36.800052+05:30	1	Ryan Ruiz on None - Available	3		8	1
38	2024-10-25 00:35:09.425175+05:30	22	Midhun on 2024-10-24 - Available	3		8	1
39	2024-10-25 00:35:09.425175+05:30	21	Jessica Mueller on 2024-10-24 - Available	3		8	1
40	2024-10-25 00:35:09.425175+05:30	20	Robert Chavez on 2024-10-24 - Available	3		8	1
41	2024-10-25 00:35:09.425175+05:30	19	Ellen Wilson on 2024-10-24 - Available	3		8	1
42	2024-10-25 00:35:09.425175+05:30	18	Jessica Cook on 2024-10-24 - Available	3		8	1
43	2024-10-25 00:35:09.425175+05:30	17	Sandra Hicks on 2024-10-24 - Available	3		8	1
44	2024-10-25 00:35:09.425175+05:30	16	Patricia Williams on 2024-10-24 - Available	3		8	1
45	2024-10-25 00:35:09.425175+05:30	15	James Curtis on 2024-10-24 - Available	3		8	1
46	2024-10-25 00:35:09.425175+05:30	14	Austin Powers on 2024-10-24 - Available	3		8	1
47	2024-10-25 00:35:09.425175+05:30	13	Ryan Ruiz on 2024-10-24 - Available	3		8	1
48	2024-10-25 00:35:39.079248+05:30	1	Midhun is leave from 2024-10-24 to 2024-10-25	2	[{"changed": {"fields": ["End date"]}}]	9	1
49	2024-10-25 00:38:09.687346+05:30	32	Midhun on 2024-10-24 - Available	3		8	1
50	2024-10-25 00:38:09.687346+05:30	31	Jessica Mueller on 2024-10-24 - Available	3		8	1
51	2024-10-25 00:38:09.687346+05:30	30	Robert Chavez on 2024-10-24 - Available	3		8	1
52	2024-10-25 00:38:09.687346+05:30	29	Ellen Wilson on 2024-10-24 - Available	3		8	1
53	2024-10-25 00:38:09.687346+05:30	28	Jessica Cook on 2024-10-24 - Available	3		8	1
54	2024-10-25 00:38:09.687346+05:30	27	Sandra Hicks on 2024-10-24 - Available	3		8	1
55	2024-10-25 00:38:09.687346+05:30	26	Patricia Williams on 2024-10-24 - Available	3		8	1
56	2024-10-25 00:38:09.687346+05:30	25	James Curtis on 2024-10-24 - Available	3		8	1
57	2024-10-25 00:38:09.687346+05:30	24	Austin Powers on 2024-10-24 - Available	3		8	1
58	2024-10-25 00:38:09.687346+05:30	23	Ryan Ruiz on 2024-10-24 - Available	3		8	1
59	2024-10-25 00:50:26.251196+05:30	42	Midhun on 2024-10-24 - Available	3		8	1
60	2024-10-25 00:50:26.251196+05:30	41	Jessica Mueller on 2024-10-24 - Available	3		8	1
61	2024-10-25 00:50:26.251196+05:30	40	Robert Chavez on 2024-10-24 - Available	3		8	1
62	2024-10-25 00:50:26.251196+05:30	39	Ellen Wilson on 2024-10-24 - Available	3		8	1
63	2024-10-25 00:50:26.251196+05:30	38	Jessica Cook on 2024-10-24 - Available	3		8	1
64	2024-10-25 00:50:26.251196+05:30	37	Sandra Hicks on 2024-10-24 - Available	3		8	1
65	2024-10-25 00:50:26.251196+05:30	36	Patricia Williams on 2024-10-24 - Available	3		8	1
66	2024-10-25 00:50:26.251196+05:30	35	James Curtis on 2024-10-24 - Available	3		8	1
67	2024-10-25 00:50:26.251196+05:30	34	Austin Powers on 2024-10-24 - Available	3		8	1
68	2024-10-25 00:50:26.251196+05:30	33	Ryan Ruiz on 2024-10-24 - Available	3		8	1
69	2024-10-25 00:53:12.26321+05:30	52	Jessica Mueller on 2024-10-24 - Available	3		8	1
70	2024-10-25 00:53:12.26321+05:30	51	Robert Chavez on 2024-10-24 - Available	3		8	1
71	2024-10-25 00:53:12.26321+05:30	50	Ellen Wilson on 2024-10-24 - Available	3		8	1
72	2024-10-25 00:53:12.26321+05:30	49	Jessica Cook on 2024-10-24 - Available	3		8	1
73	2024-10-25 00:53:12.26321+05:30	48	Sandra Hicks on 2024-10-24 - Available	3		8	1
74	2024-10-25 00:53:12.26321+05:30	47	Patricia Williams on 2024-10-24 - Available	3		8	1
75	2024-10-25 00:53:12.26321+05:30	46	James Curtis on 2024-10-24 - Available	3		8	1
76	2024-10-25 00:53:12.26321+05:30	45	Austin Powers on 2024-10-24 - Available	3		8	1
77	2024-10-25 00:53:12.26321+05:30	44	Ryan Ruiz on 2024-10-24 - Available	3		8	1
78	2024-10-25 00:53:12.26321+05:30	43	Midhun on 2024-10-24 - Available	3		8	1
79	2024-10-25 11:52:37.972075+05:30	1	Ticket ASF25102024001 - Assigned to Not Assigned	3		11	1
80	2024-10-25 12:10:52.679579+05:30	5	Ticket ASF25102024003 - Assigned to Not Assigned	2	[]	11	1
81	2024-10-25 12:10:59.189193+05:30	5	Ticket ASF25102024003 - Assigned to Not Assigned	3		11	1
82	2024-10-25 12:49:21.742981+05:30	6	Ticket ASF25102024003 - Assigned to Not Assigned	3		11	1
83	2024-10-25 12:49:21.742981+05:30	2	Ticket ASF25102024002 - Assigned to Not Assigned	3		11	1
84	2024-10-25 13:12:58.396565+05:30	22	Ticket ASF25102024016 - Assigned to Ryan Ruiz	3		11	1
85	2024-10-25 13:12:58.396565+05:30	21	Ticket ASF25102024015 - Assigned to Jessica Mueller	3		11	1
86	2024-10-25 13:12:58.396565+05:30	20	Ticket ASF25102024014 - Assigned to Robert Chavez	3		11	1
87	2024-10-25 13:12:58.396565+05:30	19	Ticket ASF25102024013 - Assigned to Ellen Wilson	3		11	1
88	2024-10-25 13:12:58.396565+05:30	18	Ticket ASF25102024012 - Assigned to Jessica Cook	3		11	1
89	2024-10-25 13:12:58.396565+05:30	17	Ticket ASF25102024011 - Assigned to Sandra Hicks	3		11	1
90	2024-10-25 13:12:58.396565+05:30	16	Ticket ASF25102024010 - Assigned to Patricia Williams	3		11	1
91	2024-10-25 13:12:58.396565+05:30	15	Ticket ASF25102024009 - Assigned to James Curtis	3		11	1
92	2024-10-25 13:12:58.396565+05:30	14	Ticket ASF25102024008 - Assigned to Austin Powers	3		11	1
93	2024-10-25 13:12:58.396565+05:30	13	Ticket ASF25102024007 - Assigned to Ryan Ruiz	3		11	1
94	2024-10-25 13:12:58.39757+05:30	12	Ticket ASF25102024006 - Assigned to Not Assigned	3		11	1
95	2024-10-25 13:12:58.39757+05:30	11	Ticket ASF25102024005 - Assigned to Not Assigned	3		11	1
96	2024-10-25 13:12:58.39757+05:30	10	Ticket ASF25102024004 - Assigned to Not Assigned	3		11	1
97	2024-10-25 13:12:58.39757+05:30	9	Ticket ASF25102024003 - Assigned to Not Assigned	3		11	1
98	2024-10-25 13:12:58.39757+05:30	8	Ticket ASF25102024002 - Assigned to Not Assigned	3		11	1
99	2024-10-25 13:12:58.39757+05:30	7	Ticket ASF25102024001 - Assigned to Not Assigned	3		11	1
100	2024-10-25 16:19:34.865736+05:30	72	Jessica Mueller on 2024-10-25 - Available	3		8	1
101	2024-10-25 16:19:34.865736+05:30	71	Robert Chavez on 2024-10-25 - Available	3		8	1
102	2024-10-25 16:19:34.865736+05:30	70	Ellen Wilson on 2024-10-25 - Available	3		8	1
103	2024-10-25 16:19:34.865736+05:30	69	Jessica Cook on 2024-10-25 - Available	3		8	1
104	2024-10-25 16:19:34.865736+05:30	68	Sandra Hicks on 2024-10-25 - Available	3		8	1
105	2024-10-25 16:19:34.865736+05:30	67	Patricia Williams on 2024-10-25 - Available	3		8	1
106	2024-10-25 16:19:34.865736+05:30	66	James Curtis on 2024-10-25 - Available	3		8	1
107	2024-10-25 16:19:34.865736+05:30	65	Austin Powers on 2024-10-25 - Available	3		8	1
108	2024-10-25 16:19:34.865736+05:30	64	Ryan Ruiz on 2024-10-25 - Available	3		8	1
109	2024-10-25 16:19:34.865736+05:30	63	Midhun on 2024-10-25 - Available	3		8	1
110	2024-10-25 16:19:34.865736+05:30	62	Jessica Mueller on 2024-10-24 - Available	3		8	1
111	2024-10-25 16:19:34.865736+05:30	61	Robert Chavez on 2024-10-24 - Available	3		8	1
112	2024-10-25 16:19:34.866736+05:30	60	Ellen Wilson on 2024-10-24 - Available	3		8	1
113	2024-10-25 16:19:34.866736+05:30	59	Jessica Cook on 2024-10-24 - Available	3		8	1
114	2024-10-25 16:19:34.866736+05:30	58	Sandra Hicks on 2024-10-24 - Available	3		8	1
115	2024-10-25 16:19:34.866736+05:30	57	Patricia Williams on 2024-10-24 - Available	3		8	1
116	2024-10-25 16:19:34.866736+05:30	56	James Curtis on 2024-10-24 - Available	3		8	1
117	2024-10-25 16:19:34.866736+05:30	55	Austin Powers on 2024-10-24 - Available	3		8	1
118	2024-10-25 16:19:34.866736+05:30	54	Ryan Ruiz on 2024-10-24 - Available	3		8	1
119	2024-10-25 16:19:34.866736+05:30	53	Midhun on 2024-10-24 - Available	3		8	1
120	2024-10-25 16:34:50.688814+05:30	26	Ticket ASF25102024004 - Assigned to Not Assigned	3		11	1
121	2024-10-25 16:34:50.688814+05:30	25	Ticket ASF25102024003 - Assigned to James Curtis	3		11	1
122	2024-10-25 16:34:50.688814+05:30	24	Ticket ASF25102024002 - Assigned to Austin Powers	3		11	1
123	2024-10-25 16:34:50.688814+05:30	23	Ticket ASF25102024001 - Assigned to Ryan Ruiz	3		11	1
124	2024-10-25 16:42:02.539032+05:30	82	Jessica Mueller on 2024-10-25 - Available	3		8	1
125	2024-10-25 16:42:02.539032+05:30	81	Robert Chavez on 2024-10-25 - Available	3		8	1
126	2024-10-25 16:42:02.539032+05:30	80	Ellen Wilson on 2024-10-25 - Available	3		8	1
127	2024-10-25 16:42:02.539032+05:30	79	Jessica Cook on 2024-10-25 - Available	3		8	1
128	2024-10-25 16:42:02.539032+05:30	78	Sandra Hicks on 2024-10-25 - Available	3		8	1
129	2024-10-25 16:42:02.539032+05:30	77	Patricia Williams on 2024-10-25 - Available	3		8	1
130	2024-10-25 16:42:02.539032+05:30	76	James Curtis on 2024-10-25 - Available	3		8	1
131	2024-10-25 16:42:02.539032+05:30	75	Austin Powers on 2024-10-25 - Available	3		8	1
132	2024-10-25 16:42:02.539032+05:30	74	Ryan Ruiz on 2024-10-25 - Available	3		8	1
133	2024-10-25 16:42:02.540037+05:30	73	Midhun on 2024-10-25 - Available	3		8	1
134	2024-10-25 16:42:21.37209+05:30	34	Ticket ASF25102024008 - Assigned to Robert Chavez	3		11	1
135	2024-10-25 16:42:21.37209+05:30	33	Ticket ASF25102024007 - Assigned to James Curtis	3		11	1
136	2024-10-25 16:42:21.373091+05:30	32	Ticket ASF25102024006 - Assigned to Austin Powers	3		11	1
137	2024-10-25 16:42:21.373091+05:30	31	Ticket ASF25102024005 - Assigned to Ryan Ruiz	3		11	1
138	2024-10-25 16:42:21.373091+05:30	30	Ticket ASF25102024004 - Assigned to Robert Chavez	3		11	1
139	2024-10-25 16:42:21.373091+05:30	29	Ticket ASF25102024003 - Assigned to James Curtis	3		11	1
140	2024-10-25 16:42:21.373091+05:30	28	Ticket ASF25102024002 - Assigned to Austin Powers	3		11	1
141	2024-10-25 16:42:21.373091+05:30	27	Ticket ASF25102024001 - Assigned to Ryan Ruiz	3		11	1
142	2024-10-25 16:44:08.413972+05:30	35	Ticket ASF25102024001 - Assigned to Not Assigned	3		11	1
143	2024-10-25 16:47:15.414049+05:30	37	Ticket ASF25102024002 - Assigned to Austin Powers	3		11	1
144	2024-10-25 16:47:15.414049+05:30	36	Ticket ASF25102024001 - Assigned to Ryan Ruiz	3		11	1
145	2024-10-25 17:05:16.77107+05:30	40	Ticket ASF25102024003 - Assigned to Patricia Williams	3		11	1
146	2024-10-25 17:05:16.77107+05:30	39	Ticket ASF25102024002 - Assigned to Austin Powers	3		11	1
147	2024-10-25 17:05:16.77107+05:30	38	Ticket ASF25102024001 - Assigned to Ryan Ruiz	3		11	1
148	2024-10-25 17:05:28.338502+05:30	91	Robert Chavez on 2024-10-25 - Available	2	[{"changed": {"fields": ["Shift end time"]}}]	8	1
149	2024-10-25 17:05:37.781931+05:30	86	James Curtis on 2024-10-25 - Available	2	[{"changed": {"fields": ["Shift end time"]}}]	8	1
150	2024-10-25 17:07:32.714699+05:30	48	Ticket ASF25102024008 - Assigned to James Curtis	3		11	1
151	2024-10-25 17:08:09.055758+05:30	49	Ticket ASF25102024008 - Assigned to James Curtis	3		11	1
152	2024-10-25 17:08:09.055758+05:30	41	Ticket ASF25102024001 - Assigned to James Curtis	3		11	1
153	2024-10-25 17:08:39.134829+05:30	51	Ticket ASF25102024009 - Assigned to Patricia Williams	3		11	1
154	2024-10-25 17:08:39.134829+05:30	50	Ticket ASF25102024008 - Assigned to James Curtis	3		11	1
155	2024-10-25 17:08:39.134829+05:30	47	Ticket ASF25102024007 - Assigned to Jessica Mueller	3		11	1
156	2024-10-25 17:08:39.134829+05:30	46	Ticket ASF25102024006 - Assigned to Robert Chavez	3		11	1
157	2024-10-25 17:08:39.134829+05:30	45	Ticket ASF25102024005 - Assigned to Ellen Wilson	3		11	1
158	2024-10-25 17:08:39.134829+05:30	44	Ticket ASF25102024004 - Assigned to Jessica Cook	3		11	1
159	2024-10-25 17:08:39.134829+05:30	43	Ticket ASF25102024003 - Assigned to Sandra Hicks	3		11	1
160	2024-10-25 17:08:39.134829+05:30	42	Ticket ASF25102024002 - Assigned to Patricia Williams	3		11	1
161	2024-10-25 17:09:36.232106+05:30	92	Jessica Mueller on 2024-10-25 - Available	3		8	1
162	2024-10-25 17:09:36.232106+05:30	91	Robert Chavez on 2024-10-25 - Available	3		8	1
163	2024-10-25 17:09:36.232106+05:30	90	Ellen Wilson on 2024-10-25 - Available	3		8	1
164	2024-10-25 17:09:36.232106+05:30	89	Jessica Cook on 2024-10-25 - Available	3		8	1
165	2024-10-25 17:09:36.232106+05:30	88	Sandra Hicks on 2024-10-25 - Available	3		8	1
166	2024-10-25 17:09:36.232106+05:30	87	Patricia Williams on 2024-10-25 - Available	3		8	1
167	2024-10-25 17:09:36.233107+05:30	86	James Curtis on 2024-10-25 - Available	3		8	1
168	2024-10-25 17:09:36.233107+05:30	85	Austin Powers on 2024-10-25 - Available	3		8	1
169	2024-10-25 17:09:36.233107+05:30	84	Ryan Ruiz on 2024-10-25 - Available	3		8	1
170	2024-10-25 17:09:36.233107+05:30	83	Midhun on 2024-10-25 - Available	3		8	1
171	2024-10-26 11:25:13.975143+05:30	19	athul21@gmail.com	3		6	1
172	2024-10-26 11:25:13.975143+05:30	18	amal21@gmail.com	3		6	1
173	2024-10-26 11:25:13.975143+05:30	17	amal2@gmail.com	3		6	1
174	2024-10-26 11:25:13.975143+05:30	16	arun12@gmail.com	3		6	1
175	2024-10-26 11:25:13.975143+05:30	15	arun@gmail.com	3		6	1
176	2024-10-26 11:26:13.091671+05:30	20	athul21@gmail.com	3		6	1
177	2024-10-26 11:38:44.883482+05:30	21	athul21@gmail.com	3		6	1
178	2024-10-26 11:42:39.361126+05:30	22	athul21@gmail.com	3		6	1
179	2024-10-26 11:43:58.053096+05:30	23	athul21@gmail.com	3		6	1
180	2024-10-26 12:21:51.945278+05:30	24	athul21@gmail.com	3		6	1
181	2024-10-26 12:28:12.267769+05:30	25	athul21@gmail.com	3		6	1
182	2024-10-26 13:05:51.805974+05:30	11	Jessica Mueller	3		10	1
183	2024-10-26 13:14:52.186067+05:30	13	Jessica Mueller	3		10	1
184	2024-10-26 13:28:28.515225+05:30	12	Jessica Mueller	3		10	1
185	2024-10-26 16:45:42.302416+05:30	14	Robert Chavez	3		10	1
186	2024-10-26 18:48:51.19773+05:30	103	Robert Chavez on 2024-10-26 - Available	3		8	1
187	2024-10-26 18:49:46.139334+05:30	102	Jessica Mueller on 2024-10-25 - Available	3		8	1
\.


--
-- Data for Name: django_content_type; Type: TABLE DATA; Schema: public; Owner: postgres
--

COPY public.django_content_type (id, app_label, model) FROM stdin;
1	admin	logentry
2	auth	permission
3	auth	group
4	contenttypes	contenttype
5	sessions	session
6	tickets	customuser
7	tickets	employee
8	tickets	dutyroster
9	tickets	leave
10	tickets	shift
11	tickets	ticket
\.


--
-- Data for Name: django_migrations; Type: TABLE DATA; Schema: public; Owner: postgres
--

COPY public.django_migrations (id, app, name, applied) FROM stdin;
1	tickets	0001_initial	2024-10-24 20:09:06.534546+05:30
2	contenttypes	0001_initial	2024-10-24 20:09:06.552473+05:30
3	admin	0001_initial	2024-10-24 20:09:06.594109+05:30
4	admin	0002_logentry_remove_auto_add	2024-10-24 20:09:06.605052+05:30
5	admin	0003_logentry_add_action_flag_choices	2024-10-24 20:09:06.612428+05:30
6	contenttypes	0002_remove_content_type_name	2024-10-24 20:09:06.64153+05:30
7	auth	0001_initial	2024-10-24 20:09:06.750127+05:30
8	auth	0002_alter_permission_name_max_length	2024-10-24 20:09:06.769186+05:30
9	auth	0003_alter_user_email_max_length	2024-10-24 20:09:06.77718+05:30
10	auth	0004_alter_user_username_opts	2024-10-24 20:09:06.789073+05:30
11	auth	0005_alter_user_last_login_null	2024-10-24 20:09:06.798575+05:30
12	auth	0006_require_contenttypes_0002	2024-10-24 20:09:06.800721+05:30
13	auth	0007_alter_validators_add_error_messages	2024-10-24 20:09:06.808717+05:30
14	auth	0008_alter_user_username_max_length	2024-10-24 20:09:06.819303+05:30
15	auth	0009_alter_user_last_name_max_length	2024-10-24 20:09:06.831296+05:30
16	auth	0010_alter_group_name_max_length	2024-10-24 20:09:06.863901+05:30
17	auth	0011_update_proxy_permissions	2024-10-24 20:09:06.87919+05:30
18	auth	0012_alter_user_first_name_max_length	2024-10-24 20:09:06.889276+05:30
19	sessions	0001_initial	2024-10-24 20:09:06.917303+05:30
20	tickets	0002_dutyroster_shift_end_time_and_more	2024-10-24 22:51:48.354643+05:30
21	tickets	0003_alter_employee_education_alter_employee_gender_and_more	2024-10-25 11:51:34.618617+05:30
22	tickets	0004_alter_employee_user	2024-10-26 11:25:25.27299+05:30
\.


--
-- Data for Name: django_session; Type: TABLE DATA; Schema: public; Owner: postgres
--

COPY public.django_session (session_key, session_data, expire_date) FROM stdin;
2ovte1bmy28unj7eykoh69jz8gketfm7	.eJxVjDsOwjAQBe_iGln-20tJzxms9WdxADlSnFSIu0OkFNC-mXkvFnFbW9xGXeJU2JlJdvrdEuZH7Tsod-y3mee5r8uU-K7wgw5-nUt9Xg7376DhaN-avHFoqGQvZAkAMpHMCbUJFDI4oySAswgkdfLZCuEJFSIJS5q0Uuz9AefzN9c:1t3z0V:yY2zGeI3zllLX7WU14DClcFduqowxHVVOIWBhKaocXw	2024-11-07 20:10:11.105242+05:30
\.


--
-- Data for Name: tickets_customuser; Type: TABLE DATA; Schema: public; Owner: postgres
--

COPY public.tickets_customuser (id, password, last_login, email, name, is_active, is_admin) FROM stdin;
1	pbkdf2_sha256$870000$QkVPZqf9sSzeisiQHABICL$KsFA8v+GcfpGJRDbv14bxqNWm4OwEVnUOROl5Ku9NSA=	2024-10-24 20:10:11.105242+05:30	admin@amrita.com	Superadmin	t	t
4	pbkdf2_sha256$870000$K9QpgEaHmX25M7ZL6gVpgE$wd70/j+CspK6dGWtm7y6G8Ulnvl3F7KslHWSBMKJlmA=	\N	midhun@gmail.com	Midhun	t	f
5	pbkdf2_sha256$870000$9e5DSmt8ptoDFgoHa5mSlt$BmOu3oG9N4oFJcot4xcds3inJcpPvQC9/vGeJjcPQMA=	\N	erikbeard@example.org	Ryan Ruiz	t	f
6	pbkdf2_sha256$870000$iSAMGs0vAKOwhLUWHhVYnG$2T6apNI7J+XZtSOxn9EU/gfzlPjf07JvRw68udglwv0=	\N	blake33@example.org	Austin Powers	t	f
7	pbkdf2_sha256$870000$pR00Se2LKbKb0b9l8ekZEp$0zHhCUyXzV8ABipK5J+AYNQxUhFh3jrdvO6zzi7Rhrg=	\N	jdean@example.org	Justin Hayes	t	f
8	pbkdf2_sha256$870000$e0ydkwnyDPxBksUXQL8M8d$7OHInB1kSsYM9pYvoEc82lZChZvpomVpSWDMSnPYcsI=	\N	sarah38@example.net	James Curtis	t	f
9	pbkdf2_sha256$870000$6hNLusGfv8CXZ3emqwzfB2$pEXmt7OF9O5K4hEYIfnEG2OhlWOYCBmcXy1nC9V6df8=	\N	marvinjones@example.org	Patricia Williams	t	f
10	pbkdf2_sha256$870000$GO8cWccFy8QwHZikb07Qpe$Vu0Wstrug07P1GhSYALEjO+sP7UjFMsszeIWudPh54E=	\N	torresgabriel@example.com	Sandra Hicks	t	f
11	pbkdf2_sha256$870000$7sbBakwHpWlBJfJ7ElvNGy$OPKVzh0AoEAPdIKjxSsAB+1BT38ucaS/Leq2F3eeKMU=	\N	michael61@example.com	Jessica Cook	t	f
12	pbkdf2_sha256$870000$Nv5tAtdQybNOHehDKIe5Dp$U+vhf+9OiwQ+cY6fY/Q27Isen5qer8JWdPcLS6J8oCY=	\N	janethompson@example.com	Ellen Wilson	t	f
13	pbkdf2_sha256$870000$DZOzWZ5D6mjqamRznKx4ng$MIUAfB9hQhSg/yoD15Q6D/LcC5tqjGtrXvRgfMOM6kE=	\N	hoganscott@example.net	Robert Chavez	t	f
14	pbkdf2_sha256$870000$0CdljwwK23KlnX6I5tsihz$TvX31thaQbfyiNqFyaDaDXWQj7TRgOsGsLJmSwgYBEY=	\N	wileyseth@example.net	Jessica Mueller	t	f
\.


--
-- Data for Name: tickets_dutyroster; Type: TABLE DATA; Schema: public; Owner: postgres
--

COPY public.tickets_dutyroster (id, date, available, created_at, updated_at, employee_id, shift_end_time, shift_start_time) FROM stdin;
93	2024-10-25	f	2024-10-25 17:12:30.832606+05:30	2024-10-25 17:12:30.832606+05:30	2	17:00:00	09:00:00
94	2024-10-25	t	2024-10-25 17:12:30.839602+05:30	2024-10-25 17:12:30.839602+05:30	3	17:00:00	09:00:00
95	2024-10-25	t	2024-10-25 17:12:30.8466+05:30	2024-10-25 17:12:30.8466+05:30	4	17:00:00	09:00:00
96	2024-10-25	t	2024-10-25 17:12:30.855592+05:30	2024-10-25 17:12:30.855592+05:30	6	17:00:00	09:00:00
97	2024-10-25	t	2024-10-25 17:12:30.86159+05:30	2024-10-25 17:12:30.86159+05:30	7	20:00:00	12:00:00
98	2024-10-25	t	2024-10-25 17:12:30.865356+05:30	2024-10-25 17:12:30.865356+05:30	8	20:00:00	12:00:00
99	2024-10-25	t	2024-10-25 17:12:30.870351+05:30	2024-10-25 17:12:30.870351+05:30	9	20:00:00	12:00:00
100	2024-10-25	t	2024-10-25 17:12:30.875351+05:30	2024-10-25 17:12:30.875351+05:30	10	20:00:00	12:00:00
101	2024-10-25	t	2024-10-25 17:12:30.879348+05:30	2024-10-25 17:12:30.879348+05:30	11	17:00:00	09:00:00
\.


--
-- Data for Name: tickets_employee; Type: TABLE DATA; Schema: public; Owner: postgres
--

COPY public.tickets_employee (id, education, gender, phone, place, created_at, updated_at, user_id) FROM stdin;
2	UG	Male	9497670364	Kozhikode	2024-10-24 20:32:31.618345+05:30	2024-10-24 20:37:29.641814+05:30	4
3	\N	\N	\N	\N	2024-10-24 21:48:55.578688+05:30	2024-10-24 21:48:55.578688+05:30	5
4	\N	\N	\N	\N	2024-10-24 21:49:07.155232+05:30	2024-10-24 21:49:07.155232+05:30	6
5	\N	\N	\N	\N	2024-10-24 21:49:18.645428+05:30	2024-10-24 21:49:18.645428+05:30	7
6	\N	\N	\N	\N	2024-10-24 21:49:30.145151+05:30	2024-10-24 21:49:30.145151+05:30	8
7	\N	\N	\N	\N	2024-10-24 21:49:41.628081+05:30	2024-10-24 21:49:41.628081+05:30	9
8	\N	\N	\N	\N	2024-10-24 21:49:53.098648+05:30	2024-10-24 21:49:53.098648+05:30	10
9	\N	\N	\N	\N	2024-10-24 21:50:04.599536+05:30	2024-10-24 21:50:04.599536+05:30	11
10	\N	\N	\N	\N	2024-10-24 21:50:16.180437+05:30	2024-10-24 21:50:16.180437+05:30	12
11	\N	\N	\N	\N	2024-10-24 21:50:27.664003+05:30	2024-10-24 21:50:27.664003+05:30	13
12	\N	\N	\N	\N	2024-10-24 21:50:39.129338+05:30	2024-10-24 21:50:39.129338+05:30	14
\.


--
-- Data for Name: tickets_leave; Type: TABLE DATA; Schema: public; Owner: postgres
--

COPY public.tickets_leave (id, start_date, end_date, created_at, updated_at, employee_id) FROM stdin;
1	2024-10-24	2024-10-25	2024-10-24 22:02:19.101053+05:30	2024-10-25 00:35:39.079248+05:30	2
2	2024-11-11	2024-11-11	2024-10-26 17:34:41.981351+05:30	2024-10-26 17:34:41.981351+05:30	12
\.


--
-- Data for Name: tickets_shift; Type: TABLE DATA; Schema: public; Owner: postgres
--

COPY public.tickets_shift (id, start_time, end_time, created_at, updated_at, employee_id) FROM stdin;
6	12:00:00	20:00:00	2024-10-24 21:58:40.56146+05:30	2024-10-24 21:58:40.56146+05:30	7
5	09:00:00	17:00:00	2024-10-24 21:57:45.782604+05:30	2024-10-24 21:58:57.269971+05:30	6
3	09:00:00	17:00:00	2024-10-24 21:55:08.755487+05:30	2024-10-24 21:59:11.868303+05:30	4
2	09:00:00	17:00:00	2024-10-24 21:54:59.202002+05:30	2024-10-24 21:59:42.878994+05:30	3
1	09:00:00	17:00:00	2024-10-24 21:54:35.573955+05:30	2024-10-24 21:59:47.593545+05:30	2
7	12:00:00	20:00:00	2024-10-24 22:00:19.080507+05:30	2024-10-24 22:00:19.080507+05:30	8
8	12:00:00	20:00:00	2024-10-24 22:00:34.884935+05:30	2024-10-24 22:00:37.140342+05:30	9
9	12:00:00	20:00:00	2024-10-24 22:00:48.335948+05:30	2024-10-24 22:00:48.335948+05:30	10
10	09:00:00	17:00:00	2024-10-24 22:01:06.059434+05:30	2024-10-24 22:01:06.059434+05:30	11
16	09:00:00	20:00:00	2024-10-26 16:56:49.948063+05:30	2024-10-26 17:06:12.302569+05:30	12
\.


--
-- Data for Name: tickets_ticket; Type: TABLE DATA; Schema: public; Owner: postgres
--

COPY public.tickets_ticket (id, ticket_number, description, resolution_end_date, created_at, updated_at, assigned_employee_id) FROM stdin;
53	ASF25102024002	testtt2	2024-10-26	2024-10-25 17:13:38.856604+05:30	2024-10-25 17:13:38.856604+05:30	7
54	ASF25102024003	testtt2	2024-11-01	2024-10-25 17:52:37.822414+05:30	2024-10-25 17:52:37.822414+05:30	8
55	ASF25102024004	testtt2	2024-11-01	2024-10-25 17:55:25.76244+05:30	2024-10-25 17:55:25.76244+05:30	9
56	ASF25102024005	testtt2	2024-11-01	2024-10-25 17:55:47.341516+05:30	2024-10-25 17:55:47.341516+05:30	10
57	ASF25102024006	testtt2	2024-11-01	2024-10-25 17:55:53.605248+05:30	2024-10-25 17:55:53.605248+05:30	12
52	ASF25102024001	testinggg done	2024-11-11	2024-10-25 17:09:40.478416+05:30	2024-10-25 23:38:03.055822+05:30	12
\.


--
-- Name: auth_group_id_seq; Type: SEQUENCE SET; Schema: public; Owner: postgres
--

SELECT pg_catalog.setval('public.auth_group_id_seq', 1, false);


--
-- Name: auth_group_permissions_id_seq; Type: SEQUENCE SET; Schema: public; Owner: postgres
--

SELECT pg_catalog.setval('public.auth_group_permissions_id_seq', 1, false);


--
-- Name: auth_permission_id_seq; Type: SEQUENCE SET; Schema: public; Owner: postgres
--

SELECT pg_catalog.setval('public.auth_permission_id_seq', 44, true);


--
-- Name: django_admin_log_id_seq; Type: SEQUENCE SET; Schema: public; Owner: postgres
--

SELECT pg_catalog.setval('public.django_admin_log_id_seq', 187, true);


--
-- Name: django_content_type_id_seq; Type: SEQUENCE SET; Schema: public; Owner: postgres
--

SELECT pg_catalog.setval('public.django_content_type_id_seq', 11, true);


--
-- Name: django_migrations_id_seq; Type: SEQUENCE SET; Schema: public; Owner: postgres
--

SELECT pg_catalog.setval('public.django_migrations_id_seq', 22, true);


--
-- Name: tickets_customuser_id_seq; Type: SEQUENCE SET; Schema: public; Owner: postgres
--

SELECT pg_catalog.setval('public.tickets_customuser_id_seq', 26, true);


--
-- Name: tickets_dutyroster_id_seq; Type: SEQUENCE SET; Schema: public; Owner: postgres
--

SELECT pg_catalog.setval('public.tickets_dutyroster_id_seq', 104, true);


--
-- Name: tickets_employee_id_seq; Type: SEQUENCE SET; Schema: public; Owner: postgres
--

SELECT pg_catalog.setval('public.tickets_employee_id_seq', 25, true);


--
-- Name: tickets_leave_id_seq; Type: SEQUENCE SET; Schema: public; Owner: postgres
--

SELECT pg_catalog.setval('public.tickets_leave_id_seq', 3, true);


--
-- Name: tickets_shift_id_seq; Type: SEQUENCE SET; Schema: public; Owner: postgres
--

SELECT pg_catalog.setval('public.tickets_shift_id_seq', 16, true);


--
-- Name: tickets_ticket_id_seq; Type: SEQUENCE SET; Schema: public; Owner: postgres
--

SELECT pg_catalog.setval('public.tickets_ticket_id_seq', 58, true);


--
-- Name: auth_group auth_group_name_key; Type: CONSTRAINT; Schema: public; Owner: postgres
--

ALTER TABLE ONLY public.auth_group
    ADD CONSTRAINT auth_group_name_key UNIQUE (name);


--
-- Name: auth_group_permissions auth_group_permissions_group_id_permission_id_0cd325b0_uniq; Type: CONSTRAINT; Schema: public; Owner: postgres
--

ALTER TABLE ONLY public.auth_group_permissions
    ADD CONSTRAINT auth_group_permissions_group_id_permission_id_0cd325b0_uniq UNIQUE (group_id, permission_id);


--
-- Name: auth_group_permissions auth_group_permissions_pkey; Type: CONSTRAINT; Schema: public; Owner: postgres
--

ALTER TABLE ONLY public.auth_group_permissions
    ADD CONSTRAINT auth_group_permissions_pkey PRIMARY KEY (id);


--
-- Name: auth_group auth_group_pkey; Type: CONSTRAINT; Schema: public; Owner: postgres
--

ALTER TABLE ONLY public.auth_group
    ADD CONSTRAINT auth_group_pkey PRIMARY KEY (id);


--
-- Name: auth_permission auth_permission_content_type_id_codename_01ab375a_uniq; Type: CONSTRAINT; Schema: public; Owner: postgres
--

ALTER TABLE ONLY public.auth_permission
    ADD CONSTRAINT auth_permission_content_type_id_codename_01ab375a_uniq UNIQUE (content_type_id, codename);


--
-- Name: auth_permission auth_permission_pkey; Type: CONSTRAINT; Schema: public; Owner: postgres
--

ALTER TABLE ONLY public.auth_permission
    ADD CONSTRAINT auth_permission_pkey PRIMARY KEY (id);


--
-- Name: django_admin_log django_admin_log_pkey; Type: CONSTRAINT; Schema: public; Owner: postgres
--

ALTER TABLE ONLY public.django_admin_log
    ADD CONSTRAINT django_admin_log_pkey PRIMARY KEY (id);


--
-- Name: django_content_type django_content_type_app_label_model_76bd3d3b_uniq; Type: CONSTRAINT; Schema: public; Owner: postgres
--

ALTER TABLE ONLY public.django_content_type
    ADD CONSTRAINT django_content_type_app_label_model_76bd3d3b_uniq UNIQUE (app_label, model);


--
-- Name: django_content_type django_content_type_pkey; Type: CONSTRAINT; Schema: public; Owner: postgres
--

ALTER TABLE ONLY public.django_content_type
    ADD CONSTRAINT django_content_type_pkey PRIMARY KEY (id);


--
-- Name: django_migrations django_migrations_pkey; Type: CONSTRAINT; Schema: public; Owner: postgres
--

ALTER TABLE ONLY public.django_migrations
    ADD CONSTRAINT django_migrations_pkey PRIMARY KEY (id);


--
-- Name: django_session django_session_pkey; Type: CONSTRAINT; Schema: public; Owner: postgres
--

ALTER TABLE ONLY public.django_session
    ADD CONSTRAINT django_session_pkey PRIMARY KEY (session_key);


--
-- Name: tickets_customuser tickets_customuser_email_key; Type: CONSTRAINT; Schema: public; Owner: postgres
--

ALTER TABLE ONLY public.tickets_customuser
    ADD CONSTRAINT tickets_customuser_email_key UNIQUE (email);


--
-- Name: tickets_customuser tickets_customuser_pkey; Type: CONSTRAINT; Schema: public; Owner: postgres
--

ALTER TABLE ONLY public.tickets_customuser
    ADD CONSTRAINT tickets_customuser_pkey PRIMARY KEY (id);


--
-- Name: tickets_dutyroster tickets_dutyroster_pkey; Type: CONSTRAINT; Schema: public; Owner: postgres
--

ALTER TABLE ONLY public.tickets_dutyroster
    ADD CONSTRAINT tickets_dutyroster_pkey PRIMARY KEY (id);


--
-- Name: tickets_employee tickets_employee_pkey; Type: CONSTRAINT; Schema: public; Owner: postgres
--

ALTER TABLE ONLY public.tickets_employee
    ADD CONSTRAINT tickets_employee_pkey PRIMARY KEY (id);


--
-- Name: tickets_employee tickets_employee_user_id_1668844f_uniq; Type: CONSTRAINT; Schema: public; Owner: postgres
--

ALTER TABLE ONLY public.tickets_employee
    ADD CONSTRAINT tickets_employee_user_id_1668844f_uniq UNIQUE (user_id);


--
-- Name: tickets_leave tickets_leave_pkey; Type: CONSTRAINT; Schema: public; Owner: postgres
--

ALTER TABLE ONLY public.tickets_leave
    ADD CONSTRAINT tickets_leave_pkey PRIMARY KEY (id);


--
-- Name: tickets_shift tickets_shift_pkey; Type: CONSTRAINT; Schema: public; Owner: postgres
--

ALTER TABLE ONLY public.tickets_shift
    ADD CONSTRAINT tickets_shift_pkey PRIMARY KEY (id);


--
-- Name: tickets_ticket tickets_ticket_pkey; Type: CONSTRAINT; Schema: public; Owner: postgres
--

ALTER TABLE ONLY public.tickets_ticket
    ADD CONSTRAINT tickets_ticket_pkey PRIMARY KEY (id);


--
-- Name: tickets_ticket tickets_ticket_ticket_number_key; Type: CONSTRAINT; Schema: public; Owner: postgres
--

ALTER TABLE ONLY public.tickets_ticket
    ADD CONSTRAINT tickets_ticket_ticket_number_key UNIQUE (ticket_number);


--
-- Name: auth_group_name_a6ea08ec_like; Type: INDEX; Schema: public; Owner: postgres
--

CREATE INDEX auth_group_name_a6ea08ec_like ON public.auth_group USING btree (name varchar_pattern_ops);


--
-- Name: auth_group_permissions_group_id_b120cbf9; Type: INDEX; Schema: public; Owner: postgres
--

CREATE INDEX auth_group_permissions_group_id_b120cbf9 ON public.auth_group_permissions USING btree (group_id);


--
-- Name: auth_group_permissions_permission_id_84c5c92e; Type: INDEX; Schema: public; Owner: postgres
--

CREATE INDEX auth_group_permissions_permission_id_84c5c92e ON public.auth_group_permissions USING btree (permission_id);


--
-- Name: auth_permission_content_type_id_2f476e4b; Type: INDEX; Schema: public; Owner: postgres
--

CREATE INDEX auth_permission_content_type_id_2f476e4b ON public.auth_permission USING btree (content_type_id);


--
-- Name: django_admin_log_content_type_id_c4bce8eb; Type: INDEX; Schema: public; Owner: postgres
--

CREATE INDEX django_admin_log_content_type_id_c4bce8eb ON public.django_admin_log USING btree (content_type_id);


--
-- Name: django_admin_log_user_id_c564eba6; Type: INDEX; Schema: public; Owner: postgres
--

CREATE INDEX django_admin_log_user_id_c564eba6 ON public.django_admin_log USING btree (user_id);


--
-- Name: django_session_expire_date_a5c62663; Type: INDEX; Schema: public; Owner: postgres
--

CREATE INDEX django_session_expire_date_a5c62663 ON public.django_session USING btree (expire_date);


--
-- Name: django_session_session_key_c0390e0f_like; Type: INDEX; Schema: public; Owner: postgres
--

CREATE INDEX django_session_session_key_c0390e0f_like ON public.django_session USING btree (session_key varchar_pattern_ops);


--
-- Name: tickets_customuser_email_ec5ca09b_like; Type: INDEX; Schema: public; Owner: postgres
--

CREATE INDEX tickets_customuser_email_ec5ca09b_like ON public.tickets_customuser USING btree (email varchar_pattern_ops);


--
-- Name: tickets_dutyroster_employee_id_a1c47484; Type: INDEX; Schema: public; Owner: postgres
--

CREATE INDEX tickets_dutyroster_employee_id_a1c47484 ON public.tickets_dutyroster USING btree (employee_id);


--
-- Name: tickets_leave_employee_id_3fbdeb5c; Type: INDEX; Schema: public; Owner: postgres
--

CREATE INDEX tickets_leave_employee_id_3fbdeb5c ON public.tickets_leave USING btree (employee_id);


--
-- Name: tickets_shift_employee_id_40e242e4; Type: INDEX; Schema: public; Owner: postgres
--

CREATE INDEX tickets_shift_employee_id_40e242e4 ON public.tickets_shift USING btree (employee_id);


--
-- Name: tickets_ticket_assigned_employee_id_f4780cfe; Type: INDEX; Schema: public; Owner: postgres
--

CREATE INDEX tickets_ticket_assigned_employee_id_f4780cfe ON public.tickets_ticket USING btree (assigned_employee_id);


--
-- Name: tickets_ticket_ticket_number_d9b1511a_like; Type: INDEX; Schema: public; Owner: postgres
--

CREATE INDEX tickets_ticket_ticket_number_d9b1511a_like ON public.tickets_ticket USING btree (ticket_number varchar_pattern_ops);


--
-- Name: auth_group_permissions auth_group_permissio_permission_id_84c5c92e_fk_auth_perm; Type: FK CONSTRAINT; Schema: public; Owner: postgres
--

ALTER TABLE ONLY public.auth_group_permissions
    ADD CONSTRAINT auth_group_permissio_permission_id_84c5c92e_fk_auth_perm FOREIGN KEY (permission_id) REFERENCES public.auth_permission(id) DEFERRABLE INITIALLY DEFERRED;


--
-- Name: auth_group_permissions auth_group_permissions_group_id_b120cbf9_fk_auth_group_id; Type: FK CONSTRAINT; Schema: public; Owner: postgres
--

ALTER TABLE ONLY public.auth_group_permissions
    ADD CONSTRAINT auth_group_permissions_group_id_b120cbf9_fk_auth_group_id FOREIGN KEY (group_id) REFERENCES public.auth_group(id) DEFERRABLE INITIALLY DEFERRED;


--
-- Name: auth_permission auth_permission_content_type_id_2f476e4b_fk_django_co; Type: FK CONSTRAINT; Schema: public; Owner: postgres
--

ALTER TABLE ONLY public.auth_permission
    ADD CONSTRAINT auth_permission_content_type_id_2f476e4b_fk_django_co FOREIGN KEY (content_type_id) REFERENCES public.django_content_type(id) DEFERRABLE INITIALLY DEFERRED;


--
-- Name: django_admin_log django_admin_log_content_type_id_c4bce8eb_fk_django_co; Type: FK CONSTRAINT; Schema: public; Owner: postgres
--

ALTER TABLE ONLY public.django_admin_log
    ADD CONSTRAINT django_admin_log_content_type_id_c4bce8eb_fk_django_co FOREIGN KEY (content_type_id) REFERENCES public.django_content_type(id) DEFERRABLE INITIALLY DEFERRED;


--
-- Name: django_admin_log django_admin_log_user_id_c564eba6_fk_tickets_customuser_id; Type: FK CONSTRAINT; Schema: public; Owner: postgres
--

ALTER TABLE ONLY public.django_admin_log
    ADD CONSTRAINT django_admin_log_user_id_c564eba6_fk_tickets_customuser_id FOREIGN KEY (user_id) REFERENCES public.tickets_customuser(id) DEFERRABLE INITIALLY DEFERRED;


--
-- Name: tickets_dutyroster tickets_dutyroster_employee_id_a1c47484_fk_tickets_employee_id; Type: FK CONSTRAINT; Schema: public; Owner: postgres
--

ALTER TABLE ONLY public.tickets_dutyroster
    ADD CONSTRAINT tickets_dutyroster_employee_id_a1c47484_fk_tickets_employee_id FOREIGN KEY (employee_id) REFERENCES public.tickets_employee(id) DEFERRABLE INITIALLY DEFERRED;


--
-- Name: tickets_employee tickets_employee_user_id_1668844f_fk_tickets_customuser_id; Type: FK CONSTRAINT; Schema: public; Owner: postgres
--

ALTER TABLE ONLY public.tickets_employee
    ADD CONSTRAINT tickets_employee_user_id_1668844f_fk_tickets_customuser_id FOREIGN KEY (user_id) REFERENCES public.tickets_customuser(id) DEFERRABLE INITIALLY DEFERRED;


--
-- Name: tickets_leave tickets_leave_employee_id_3fbdeb5c_fk_tickets_employee_id; Type: FK CONSTRAINT; Schema: public; Owner: postgres
--

ALTER TABLE ONLY public.tickets_leave
    ADD CONSTRAINT tickets_leave_employee_id_3fbdeb5c_fk_tickets_employee_id FOREIGN KEY (employee_id) REFERENCES public.tickets_employee(id) DEFERRABLE INITIALLY DEFERRED;


--
-- Name: tickets_shift tickets_shift_employee_id_40e242e4_fk_tickets_employee_id; Type: FK CONSTRAINT; Schema: public; Owner: postgres
--

ALTER TABLE ONLY public.tickets_shift
    ADD CONSTRAINT tickets_shift_employee_id_40e242e4_fk_tickets_employee_id FOREIGN KEY (employee_id) REFERENCES public.tickets_employee(id) DEFERRABLE INITIALLY DEFERRED;


--
-- Name: tickets_ticket tickets_ticket_assigned_employee_id_f4780cfe_fk_tickets_e; Type: FK CONSTRAINT; Schema: public; Owner: postgres
--

ALTER TABLE ONLY public.tickets_ticket
    ADD CONSTRAINT tickets_ticket_assigned_employee_id_f4780cfe_fk_tickets_e FOREIGN KEY (assigned_employee_id) REFERENCES public.tickets_employee(id) DEFERRABLE INITIALLY DEFERRED;


--
-- PostgreSQL database dump complete
--

